<?xml version="1.0" encoding="UTF-8"?>
<project-private xmlns="http://www.netbeans.org/ns/project-private/1">
    <editor-bookmarks xmlns="http://www.netbeans.org/ns/editor-bookmarks/2" lastBookmarkId="0"/>
    <open-files xmlns="http://www.netbeans.org/ns/projectui-open-files/2">
        <group>
            <file>file:/home/edher/NetBeansProjects/equipo2-bd/Nostalgic/src/java/hibernate.cfg.xml</file>
            <file>file:/home/edher/NetBeansProjects/equipo2-bd/Nostalgic/test/NewEmptyJUnitTest.java</file>
            <file>file:/home/edher/NetBeansProjects/equipo2-bd/Nostalgic/src/java/pojo/conversacionPojo.java</file>
            <file>file:/home/edher/NetBeansProjects/equipo2-bd/Nostalgic/src/java/pojo/usuarioPojo.java</file>
            <file>file:/home/edher/NetBeansProjects/equipo2-bd/Nostalgic/src/java/pojo/replyPojo.java</file>
            <file>file:/home/edher/NetBeansProjects/equipo2-bd/Nostalgic/src/java/Dao/whatsAppDao.java</file>
        </group>
    </open-files>
</project-private>
